rep_id	order	composition_factor_count	is_abelian	is_nonabelian_simple	structure
1	47377612800	1	false	true	O(9,2)
2	185794560	8	false	false	
3	8847360	15	false	false	
4	4128768	15	false	false	
5	20643840	11	false	false	
6	8709120	3	false	false	
7	1036800	5	false	false	
8	1958400	2	false	false	
9	348364800	2	false	false	
10	394813440	2	false	false	
11	2448	1	false	true	PSL(2,17)
12	3628800	2	false	false	
18	1440	3	false	false	
19	1440	3	false	false	
20	3840	7	false	false	
23	9072	4	false	false	
25	14400	4	false	false	
26	14400	4	false	false	
27	16320	3	false	false	
28	16320	3	false	false	
29	17280	6	false	false	
30	23040	9	false	false	
31	23040	9	false	false	
32	25920	6	false	false	
34	28800	5	false	false	
35	28800	5	false	false	
36	30240	4	false	false	
37	34560	7	false	false	
38	64512	9	false	false	
39	72576	4	false	false	
40	80640	3	false	false	
41	138240	9	false	false	
42	193536	9	false	false	
43	241920	4	false	false	
44	311040	4	false	false	
45	362880	2	false	false	
46	368640	13	false	false	
47	516096	12	false	false	
48	516096	12	false	false	
50	518400	4	false	false	
51	518400	4	false	false	
52	518400	4	false	false	
53	552960	11	false	false	
57	737280	12	false	false	
59	979200	1	false	true	O(5,4)
60	1290240	7	false	false	
61	1376256	14	false	false	
62	1376256	14	false	false	
63	1474560	15	false	false	
64	1474560	15	false	false	
65	1548288	9	false	false	
66	1814400	1	false	true	A10
67	2064384	14	false	false	
68	2580480	11	false	false	
69	2903040	2	false	false	
70	2903040	2	false	false	
71	2949120	14	false	false	
72	4354560	2	false	false	
73	4423680	14	false	false	
74	4423680	14	false	false	
75	4423680	14	false	false	
76	5160960	9	false	false	
77	6635520	9	false	false	
95	240	3	false	false	
96	240	3	false	false	
97	240	3	false	false	
98	240	3	false	false	
99	240	3	false	false	
110	720	2	false	false	
111	720	2	false	false	
112	720	2	false	false	
113	720	2	false	false	
114	720	2	false	false	
115	720	2	false	false	
126	1440	5	false	false	
127	1440	5	false	false	
128	1440	5	false	false	
132	1920	6	false	false	
133	1920	6	false	false	
134	1920	6	false	false	
152	2880	6	false	false	
153	2880	6	false	false	
154	3024	3	false	false	
155	3024	3	false	false	
158	4320	4	false	false	
159	4320	6	false	false	
160	4320	6	false	false	
161	4536	3	false	false	
170	5760	5	false	false	
172	7200	3	false	false	
173	7200	3	false	false	
174	7200	3	false	false	
175	7200	3	false	false	
176	7200	3	false	false	
177	7680	8	false	false	
178	7680	8	false	false	
179	8160	2	false	false	
180	8160	2	false	false	
181	8640	5	false	false	
182	8640	5	false	false	
183	8640	5	false	false	
184	8640	5	false	false	
188	10080	3	false	false	
189	11520	8	false	false	
190	11520	8	false	false	
191	12960	5	false	false	
192	12960	5	false	false	
193	12960	5	false	false	
194	12960	5	false	false	
195	12960	5	false	false	
203	14400	4	false	false	
204	14400	4	false	false	
205	14400	4	false	false	
206	14400	4	false	false	
207	14400	4	false	false	
208	15120	3	false	false	
209	15120	3	false	false	
210	15120	3	false	false	
212	672	3	false	false	
216	2016	4	false	false	
221	2880	4	false	false	
222	3024	3	false	false	
225	5760	7	false	false	
226	5760	7	false	false	
231	8064	6	false	false	
233	8064	6	false	false	
234	8640	5	false	false	
235	8640	5	false	false	
237	11520	6	false	false	
238	11520	8	false	false	
240	17280	6	false	false	
241	17280	6	false	false	
242	17280	6	false	false	
243	17280	6	false	false	
244	17280	6	false	false	
245	17280	6	false	false	
246	17280	6	false	false	
247	20160	1	false	true	A8
248	20160	1	false	true	A8
250	21504	8	false	false	
251	23040	9	false	false	
252	23040	9	false	false	
253	23040	9	false	false	
254	24192	3	false	false	
255	32256	8	false	false	
256	34560	7	false	false	
257	34560	7	false	false	
258	36288	3	false	false	
259	36288	3	false	false	
260	36288	3	false	false	
266	40320	2	false	false	
267	40320	2	false	false	
268	40320	2	false	false	
269	46080	8	false	false	
270	46080	8	false	false	
271	46080	8	false	false	
274	51840	7	false	false	
278	64512	8	false	false	
279	69120	8	false	false	
280	69120	8	false	false	
281	69120	8	false	false	
289	80640	3	false	false	
290	86016	10	false	false	
291	86016	10	false	false	
292	86400	4	false	false	
293	86400	4	false	false	
294	92160	11	false	false	
295	92160	11	false	false	
297	103680	3	false	false	
298	120960	3	false	false	
299	120960	3	false	false	
300	120960	3	false	false	
301	122880	12	false	false	
302	122880	12	false	false	
308	155520	3	false	false	
309	155520	3	false	false	
310	155520	3	false	false	
311	161280	7	false	false	
312	172032	11	false	false	
315	172032	11	false	false	
316	181440	1	false	true	A9
317	184320	12	false	false	
318	184320	10	false	false	
324	258048	11	false	false	
326	258048	11	false	false	
327	259200	3	false	false	
328	259200	3	false	false	
329	259200	3	false	false	
330	276480	10	false	false	
331	276480	10	false	false	
332	276480	10	false	false	
351	368640	11	false	false	
365	21504	8	false	false	
366	24192	3	false	false	
369	43008	9	false	false	
370	46080	8	false	false	
376	172032	11	false	false	
377	172032	11	false	false	
378	172032	11	false	false	
379	172032	11	false	false	
380	172032	11	false	false	
382	172032	11	false	false	
383	172032	11	false	false	
384	184320	10	false	false	
386	245760	13	false	false	
387	368640	13	false	false	
388	491520	14	false	false	
389	491520	14	false	false	
390	645120	9	false	false	
391	688128	13	false	false	
392	737280	14	false	false	
393	737280	14	false	false	
394	737280	14	false	false	
395	737280	14	false	false	
396	737280	14	false	false	
397	737280	14	false	false	
398	774144	8	false	false	
399	1451520	1	false	true	O(7,2)
400	1451520	1	false	true	O(7,2)
401	1474560	13	false	false	
402	1474560	13	false	false	
403	1474560	13	false	false	
404	2211840	13	false	false	
405	2580480	8	false	false	
406	2580480	8	false	false	
407	2580480	8	false	false	
408	3317760	8	false	false	
409	3317760	8	false	false	
410	3317760	8	false	false	
477	120	2	false	false	
478	120	2	false	false	
479	120	2	false	false	
480	120	2	false	false	
481	120	2	false	false	
482	120	2	false	false	
483	120	2	false	false	
551	120	2	false	false	
576	360	1	false	true	A6
577	360	1	false	true	A6
578	360	3	false	false	
579	360	3	false	false	
598	480	4	false	false	
599	480	4	false	false	
601	480	4	false	false	
624	720	4	false	false	
625	720	4	false	false	
626	720	4	false	false	
627	720	4	false	false	
628	720	4	false	false	
629	720	4	false	false	
630	720	4	false	false	
631	720	4	false	false	
632	720	4	false	false	
660	960	5	false	false	
664	720	4	false	false	
675	960	5	false	false	
676	960	5	false	false	
677	1008	2	false	false	
732	1440	5	false	false	
733	1440	5	false	false	
734	1440	5	false	false	
735	1440	5	false	false	
736	1440	5	false	false	
737	1440	5	false	false	
738	1512	2	false	false	
739	1512	2	false	false	
741	480	4	false	false	
742	480	4	false	false	
744	720	4	false	false	
745	720	4	false	false	
748	1200	4	false	false	
749	1200	4	false	false	
751	1440	3	false	false	
752	1440	5	false	false	
753	1512	2	false	false	
759	2160	3	false	false	
760	2160	3	false	false	
761	2160	3	false	false	
762	2160	5	false	false	
763	2160	5	false	false	
764	2160	5	false	false	
765	2160	5	false	false	
766	2160	5	false	false	
767	2160	5	false	false	
768	2160	5	false	false	
769	2160	5	false	false	
770	2160	5	false	false	
771	2160	5	false	false	
792	2880	4	false	false	
793	2880	4	false	false	
794	2880	4	false	false	
795	2880	4	false	false	
796	2880	4	false	false	
797	2880	4	false	false	
805	3600	2	false	false	
806	3600	2	false	false	
807	3840	7	false	false	
808	3840	7	false	false	
809	4080	1	false	true	PSL(2,16)
810	4080	1	false	true	PSL(2,16)
811	1440	5	false	false	
814	2400	5	false	false	
815	2880	4	false	false	
816	2880	6	false	false	
821	4320	4	false	false	
822	4320	4	false	false	
823	4320	4	false	false	
824	4320	4	false	false	
825	4320	4	false	false	
826	4320	4	false	false	
827	4320	4	false	false	
828	4320	4	false	false	
829	4320	4	false	false	
862	5040	2	false	false	
863	5040	2	false	false	
864	5040	2	false	false	
865	6480	4	false	false	
866	6480	4	false	false	
867	6480	4	false	false	
868	6480	4	false	false	
869	6480	4	false	false	
877	7200	3	false	false	
892	336	2	false	false	
893	336	2	false	false	
894	336	2	false	false	
901	480	4	false	false	
921	672	3	false	false	
928	1008	3	false	false	
929	1008	3	false	false	
930	1008	3	false	false	
931	1008	3	false	false	
932	1008	2	false	false	
968	1440	3	false	false	
969	1440	3	false	false	
970	1440	3	false	false	
971	1440	3	false	false	
972	1440	5	false	false	
973	1512	2	false	false	
989	1920	6	false	false	
990	1920	6	false	false	
994	2400	5	false	false	
998	2880	6	false	false	
999	2880	6	false	false	
1000	2880	6	false	false	
1001	2880	6	false	false	
1002	2880	6	false	false	
1003	2880	6	false	false	
1004	2880	6	false	false	
1005	2880	6	false	false	
1006	2880	6	false	false	
1007	2880	6	false	false	
1008	2880	6	false	false	
1009	2880	6	false	false	
1010	2880	6	false	false	
1021	7200	3	false	false	
1022	7200	3	false	false	
1023	7200	3	false	false	
1024	7560	2	false	false	
1029	720	2	false	false	
1030	720	2	false	false	
1038	1344	4	false	false	
1039	1344	4	false	false	
1040	1344	4	false	false	
1041	1440	5	false	false	
1047	2520	1	false	true	A7
1050	2688	5	false	false	
1052	2688	5	false	false	
1055	2880	4	false	false	
1056	2880	4	false	false	
1060	3840	7	false	false	
1071	4032	5	false	false	
1073	4032	5	false	false	
1074	4320	4	false	false	
1075	4320	4	false	false	
1076	4320	4	false	false	
1077	4320	4	false	false	
1078	4320	4	false	false	
1079	4320	4	false	false	
1080	4320	4	false	false	
1081	4320	4	false	false	
1082	4320	4	false	false	
1083	4320	4	false	false	
1084	4320	4	false	false	
1085	4320	4	false	false	
1094	5760	5	false	false	
1095	5760	5	false	false	
1096	5760	5	false	false	
1097	5760	5	false	false	
1098	5760	5	false	false	
1099	5760	5	false	false	
1100	5760	5	false	false	
1101	5760	5	false	false	
1102	5760	5	false	false	
1103	5760	5	false	false	
1104	5760	5	false	false	
1105	5760	5	false	false	
1106	5760	5	false	false	
1107	5760	5	false	false	
1108	5760	5	false	false	
1109	5760	7	false	false	
1110	5760	7	false	false	
1111	5760	7	false	false	
1127	7680	8	false	false	
1128	7680	8	false	false	
1129	8640	5	false	false	
1130	8640	5	false	false	
1131	8640	5	false	false	
1132	8640	5	false	false	
1133	8640	5	false	false	
1134	8640	5	false	false	
1135	8640	5	false	false	
1136	10752	7	false	false	
1137	11520	8	false	false	
1138	11520	8	false	false	
1139	11520	8	false	false	
1140	11520	8	false	false	
1141	11520	8	false	false	
1142	11520	8	false	false	
1143	11520	8	false	false	
1144	11520	8	false	false	
1145	11520	8	false	false	
1150	2688	5	false	false	
1159	5760	7	false	false	
1160	5760	7	false	false	
1161	5760	7	false	false	
1162	5760	7	false	false	
1164	7680	8	false	false	
1165	7680	8	false	false	
1166	7680	8	false	false	
1167	8640	7	false	false	
1168	8640	7	false	false	
1175	11520	8	false	false	
1176	11520	6	false	false	
1177	12096	2	false	false	
1178	12096	2	false	false	
1179	12096	2	false	false	
1194	17280	6	false	false	
1195	17280	6	false	false	
1196	17280	6	false	false	
1197	17280	6	false	false	
1198	17280	6	false	false	
1199	17280	6	false	false	
1200	17280	6	false	false	
1201	17280	6	false	false	
1202	17280	6	false	false	
1203	17280	6	false	false	
1204	17280	6	false	false	
1205	17280	6	false	false	
1206	17280	6	false	false	
1207	18144	2	false	false	
1251	20160	1	false	true	A8
1253	23040	7	false	false	
1254	23040	7	false	false	
1255	23040	7	false	false	
1256	23040	7	false	false	
1257	23040	7	false	false	
1258	23040	7	false	false	
1259	23040	7	false	false	
1260	23040	7	false	false	
1261	23040	7	false	false	
1274	25920	6	false	false	
1275	25920	6	false	false	
1276	25920	6	false	false	
1277	25920	6	false	false	
1278	25920	6	false	false	
1279	25920	6	false	false	
1296	1008	2	false	false	
1297	1008	2	false	false	
1303	10752	7	false	false	
1304	10752	7	false	false	
1305	10752	7	false	false	
1306	10752	7	false	false	
1307	10752	7	false	false	
1308	10752	7	false	false	
1310	10752	7	false	false	
1311	10752	7	false	false	
1312	10752	7	false	false	
1315	14400	5	false	false	
1316	14400	4	false	false	
1340	30720	10	false	false	
1341	30720	10	false	false	
1344	34560	7	false	false	
1368	40320	2	false	false	
1369	40320	2	false	false	
1370	40320	2	false	false	
1371	43200	3	false	false	
1372	43200	3	false	false	
1373	43200	3	false	false	
1374	43200	3	false	false	
1375	43200	3	false	false	
1376	43200	3	false	false	
1377	46080	10	false	false	
1378	46080	10	false	false	
1379	46080	10	false	false	
1380	46080	10	false	false	
1381	46080	10	false	false	
1382	46080	10	false	false	
1383	46080	10	false	false	
1384	46080	10	false	false	
1385	46080	10	false	false	
1386	46080	10	false	false	
1394	51840	2	false	false	
1395	51840	2	false	false	
1396	51840	2	false	false	
1397	60480	2	false	false	
1398	1512	2	false	false	
1399	21504	8	false	false	
1400	21504	8	false	false	
1403	21504	8	false	false	
1420	61440	11	false	false	
1421	61440	11	false	false	
1422	61440	11	false	false	
1423	61440	11	false	false	
1458	77760	2	false	false	
1459	86016	10	false	false	
1462	86016	10	false	false	
1463	92160	9	false	false	
1464	92160	9	false	false	
1465	92160	9	false	false	
1466	92160	9	false	false	
1467	92160	9	false	false	
1468	92160	9	false	false	
1469	92160	9	false	false	
1522	129600	2	false	false	
1523	138240	9	false	false	
1544	2688	5	false	false	
1561	7680	8	false	false	
1562	7680	8	false	false	
1564	12096	2	false	false	
1565	12096	2	false	false	
1566	12096	2	false	false	
1580	21504	8	false	false	
1581	21504	8	false	false	
1582	21504	8	false	false	
1583	23040	7	false	false	
1584	23040	7	false	false	
1585	23040	7	false	false	
1628	15360	9	false	false	
1630	21504	8	false	false	
1631	21504	8	false	false	
1632	21504	8	false	false	
1633	21504	8	false	false	
1634	21504	8	false	false	
1635	21504	8	false	false	
1636	21504	8	false	false	
1637	21504	8	false	false	
1649	30720	10	false	false	
1652	46080	10	false	false	
1677	86016	10	false	false	
1678	86016	10	false	false	
1679	86016	10	false	false	
1680	92160	9	false	false	
1681	92160	9	false	false	
1682	92160	9	false	false	
1683	92160	9	false	false	
1684	92160	9	false	false	
1685	92160	9	false	false	
1686	92160	9	false	false	
1687	92160	9	false	false	
1688	92160	9	false	false	
1689	92160	9	false	false	
1690	92160	9	false	false	
1691	92160	9	false	false	
1692	92160	9	false	false	
1693	92160	9	false	false	
1694	92160	9	false	false	
1698	122880	12	false	false	
1699	122880	12	false	false	
1700	122880	12	false	false	
1701	122880	12	false	false	
1702	122880	12	false	false	
1703	184320	12	false	false	
1704	184320	12	false	false	
1705	184320	12	false	false	
1706	245760	13	false	false	
1707	245760	13	false	false	
1708	245760	13	false	false	
1709	245760	13	false	false	
1710	245760	13	false	false	
1711	245760	13	false	false	
1712	245760	13	false	false	
1713	245760	13	false	false	
1714	245760	13	false	false	
1715	322560	8	false	false	
1716	322560	8	false	false	
1717	322560	8	false	false	
1718	368640	13	false	false	
1719	368640	13	false	false	
1737	737280	12	false	false	
1738	1290240	7	false	false	
1739	1658880	7	false	false	
1871	60	1	false	true	A5
1872	60	1	false	true	A5
1873	60	1	false	true	A5
2094	60	1	false	true	A5
2155	120	2	false	false	
2156	120	2	false	false	
2206	180	2	false	false	
2207	180	2	false	false	
2269	240	3	false	false	
2270	240	3	false	false	
2271	240	3	false	false	
2272	240	3	false	false	
2273	240	3	false	false	
2274	240	3	false	false	
2275	240	3	false	false	
2276	240	3	false	false	
2277	240	3	false	false	
2278	240	3	false	false	
2279	240	3	false	false	
2360	360	3	false	false	
2361	360	3	false	false	
2362	360	3	false	false	
2363	360	3	false	false	
2364	360	3	false	false	
2365	360	3	false	false	
2366	360	3	false	false	
2439	240	3	false	false	
2461	360	3	false	false	
2462	360	3	false	false	
2463	360	3	false	false	
2569	480	4	false	false	
2570	480	4	false	false	
2571	480	4	false	false	
2572	480	4	false	false	
2573	480	4	false	false	
2574	480	4	false	false	
2575	480	4	false	false	
2576	480	4	false	false	
2577	480	4	false	false	
2578	480	4	false	false	
2579	480	4	false	false	
2580	480	4	false	false	
2581	504	1	false	true	PSL(2,8)
2664	720	4	false	false	
2668	240	3	false	false	
2669	240	3	false	false	
2688	360	3	false	false	
2689	360	3	false	false	
2690	360	3	false	false	
2691	360	3	false	false	
2694	480	4	false	false	
2696	600	3	false	false	
2697	600	3	false	false	
2701	720	4	false	false	
2702	720	2	false	false	
2703	720	2	false	false	
2704	720	2	false	false	
2705	720	4	false	false	
2706	720	4	false	false	
2707	720	4	false	false	
2708	720	4	false	false	
2709	720	4	false	false	
2710	720	4	false	false	
2711	720	4	false	false	
2717	720	4	false	false	
2718	720	4	false	false	
2724	1080	4	false	false	
2725	1080	4	false	false	
2726	1080	4	false	false	
2727	1080	2	false	false	
2728	1080	4	false	false	
2729	1080	4	false	false	
2730	1080	4	false	false	
2731	1080	4	false	false	
2732	1080	4	false	false	
2733	1080	4	false	false	
2734	1080	4	false	false	
2785	1440	3	false	false	
2786	1440	3	false	false	
2787	1440	3	false	false	
2788	1440	3	false	false	
2797	480	4	false	false	
2799	480	4	false	false	
2801	720	4	false	false	
2802	720	4	false	false	
2803	720	4	false	false	
2804	720	4	false	false	
2805	720	4	false	false	
2810	960	5	false	false	
2861	1200	4	false	false	
2862	1200	4	false	false	
2863	1440	3	false	false	
2864	1440	3	false	false	
2865	1440	3	false	false	
2866	1440	3	false	false	
2867	1440	3	false	false	
2868	1440	5	false	false	
2869	1440	5	false	false	
2925	2160	3	false	false	
2926	2160	3	false	false	
2927	2160	3	false	false	
2928	2160	3	false	false	
2929	2160	3	false	false	
2930	2160	3	false	false	
2931	2160	3	false	false	
2936	2160	3	false	false	
2937	2160	3	false	false	
2938	2160	3	false	false	
3001	336	2	false	false	
3006	2520	1	false	true	A7
3007	3240	3	false	false	
3097	168	1	false	true	PSL(3,2)
3153	240	3	false	false	
3154	240	3	false	false	
3155	240	3	false	false	
3156	240	3	false	false	
3204	336	2	false	false	
3205	336	2	false	false	
3206	336	2	false	false	
3268	504	2	false	false	
3269	504	2	false	false	
3270	504	1	false	true	PSL(2,8)
3342	480	4	false	false	
3356	720	2	false	false	
3357	720	2	false	false	
3358	720	4	false	false	
3359	720	4	false	false	
3360	720	4	false	false	
3361	720	4	false	false	
3362	720	4	false	false	
3363	720	4	false	false	
3403	960	5	false	false	
3404	960	5	false	false	
3405	960	5	false	false	
3406	960	5	false	false	
3407	960	5	false	false	
3408	960	5	false	false	
3409	960	5	false	false	
3410	960	5	false	false	
3411	960	5	false	false	
3412	960	5	false	false	
3413	960	5	false	false	
3414	960	5	false	false	
3415	960	5	false	false	
3416	960	5	false	false	
3417	960	5	false	false	
3418	960	5	false	false	
3419	960	5	false	false	
3420	960	5	false	false	
3421	960	5	false	false	
3422	960	5	false	false	
3423	960	5	false	false	
3424	960	5	false	false	
3425	960	5	false	false	
3426	960	5	false	false	
3427	960	5	false	false	
3428	960	5	false	false	
3429	960	5	false	false	
3430	960	5	false	false	
3444	1200	4	false	false	
3445	1200	4	false	false	
3446	1200	4	false	false	
3448	1440	5	false	false	
3449	1440	5	false	false	
3450	1440	5	false	false	
3451	1440	5	false	false	
3452	1440	5	false	false	
3453	1440	5	false	false	
3454	1440	5	false	false	
3455	1440	5	false	false	
3456	1440	5	false	false	
3457	1440	5	false	false	
3458	1440	5	false	false	
3476	120	2	false	false	
3477	120	2	false	false	
3485	168	1	false	true	PSL(3,2)
3486	168	1	false	true	PSL(3,2)
3488	168	1	false	true	PSL(3,2)
3519	360	1	false	true	A6
3532	480	4	false	false	
3573	720	4	false	false	
3574	720	4	false	false	
3575	720	4	false	false	
3576	720	4	false	false	
3577	720	4	false	false	
3578	720	4	false	false	
3610	3600	2	false	false	
3661	1344	4	false	false	
3662	1344	4	false	false	
3666	1440	3	false	false	
3667	1440	3	false	false	
3668	1440	3	false	false	
3669	1440	3	false	false	
3670	1440	3	false	false	
3671	1440	3	false	false	
3672	1440	3	false	false	
3673	1440	3	false	false	
3674	1440	3	false	false	
3675	1440	3	false	false	
3686	1920	6	false	false	
3687	1920	6	false	false	
3688	1920	6	false	false	
3707	2160	3	false	false	
3708	2160	3	false	false	
3709	2160	3	false	false	
3710	2160	3	false	false	
3711	2160	3	false	false	
3712	2160	3	false	false	
3713	2160	3	false	false	
3714	2160	3	false	false	
3736	2880	4	false	false	
3737	2880	4	false	false	
3738	2880	4	false	false	
3739	2880	4	false	false	
3740	2880	4	false	false	
3741	2880	4	false	false	
3742	2880	4	false	false	
3743	2880	4	false	false	
3744	2880	4	false	false	
3745	2880	4	false	false	
3746	2880	4	false	false	
3747	2880	4	false	false	
3748	2880	4	false	false	
3749	2880	4	false	false	
3750	2880	4	false	false	
3751	2880	4	false	false	
3752	2880	4	false	false	
3753	2880	4	false	false	
3754	2880	4	false	false	
3755	2880	4	false	false	
3756	2880	4	false	false	
3757	2880	4	false	false	
3758	2880	4	false	false	
3759	2880	4	false	false	
3760	2880	4	false	false	
3761	2880	4	false	false	
3762	2880	4	false	false	
3763	2880	4	false	false	
3764	2880	4	false	false	
3765	2880	4	false	false	
3766	2880	4	false	false	
3767	2880	6	false	false	
3768	2880	4	false	false	
3769	2880	4	false	false	
3806	3840	7	false	false	
3807	3840	7	false	false	
3808	3840	7	false	false	
3809	3840	7	false	false	
3810	3840	7	false	false	
3811	3840	7	false	false	
3812	3840	7	false	false	
3813	3840	7	false	false	
3814	3840	7	false	false	
3815	4320	4	false	false	
3816	5760	7	false	false	
3817	5760	7	false	false	
3818	5760	7	false	false	
3819	5760	7	false	false	
3823	720	4	false	false	
3880	1344	4	false	false	
3928	1920	6	false	false	
3930	1920	6	false	false	
3940	2880	6	false	false	
3941	2880	6	false	false	
3942	2880	6	false	false	
3943	2880	6	false	false	
3944	2880	6	false	false	
3945	2880	6	false	false	
3946	2880	6	false	false	
3947	2880	6	false	false	
3948	2880	6	false	false	
3949	2880	6	false	false	
3950	2880	6	false	false	
3951	2880	6	false	false	
3952	2880	6	false	false	
3953	2880	6	false	false	
3954	2880	6	false	false	
3955	2880	6	false	false	
3956	2880	6	false	false	
3957	2880	6	false	false	
3958	2880	6	false	false	
3959	2880	6	false	false	
3983	3840	7	false	false	
3984	3840	7	false	false	
3985	3840	7	false	false	
3986	5760	7	false	false	
4002	3840	7	false	false	
4003	3840	7	false	false	
4004	3840	7	false	false	
4005	3840	7	false	false	
4006	3840	7	false	false	
4007	3840	7	false	false	
4014	4320	6	false	false	
4015	4320	6	false	false	
4016	4320	6	false	false	
4017	4320	6	false	false	
4018	4320	6	false	false	
4019	4320	6	false	false	
4020	4320	6	false	false	
4021	4320	6	false	false	
4022	4320	6	false	false	
4023	4320	6	false	false	
4024	4320	6	false	false	
4025	4320	6	false	false	
4113	5760	5	false	false	
4114	5760	5	false	false	
4115	5760	5	false	false	
4116	5760	5	false	false	
4117	5760	5	false	false	
4118	5760	5	false	false	
4119	5760	5	false	false	
4120	5760	5	false	false	
4121	5760	5	false	false	
4122	5760	5	false	false	
4123	5760	5	false	false	
4124	5760	5	false	false	
4125	5760	5	false	false	
4126	5760	5	false	false	
4127	6048	1	false	true	PSU(3,3)
4336	8640	5	false	false	
4337	8640	5	false	false	
4338	8640	5	false	false	
4339	8640	5	false	false	
4340	8640	5	false	false	
4341	8640	5	false	false	
4342	8640	5	false	false	
4343	8640	5	false	false	
4344	8640	5	false	false	
4345	8640	5	false	false	
4346	8640	5	false	false	
4418	1440	3	false	false	
4470	11520	6	false	false	
4471	11520	6	false	false	
4472	11520	6	false	false	
4495	12960	5	false	false	
4496	12960	5	false	false	
4497	12960	5	false	false	
4498	12960	5	false	false	
4499	12960	5	false	false	
4500	12960	5	false	false	
4538	504	1	false	true	PSL(2,8)
4539	504	1	false	true	PSL(2,8)
4545	1344	4	false	false	
4546	1344	4	false	false	
4549	1344	4	false	false	
4550	1344	4	false	false	
4617	1344	4	false	false	
4655	7200	4	false	false	
4656	7200	4	false	false	
4657	7200	4	false	false	
4658	7200	3	false	false	
4659	7200	3	false	false	
4660	7200	3	false	false	
4774	15360	9	false	false	
4775	15360	9	false	false	
4776	15360	9	false	false	
4777	15360	9	false	false	
4778	15360	9	false	false	
4779	15360	9	false	false	
4780	15360	9	false	false	
4781	15360	9	false	false	
4782	15360	9	false	false	
4783	15360	9	false	false	
4784	15360	9	false	false	
4785	15360	9	false	false	
4786	15360	9	false	false	
4787	15360	9	false	false	
4788	15360	9	false	false	
4789	15360	9	false	false	
4790	15360	9	false	false	
4791	15360	9	false	false	
4792	15360	9	false	false	
4793	15360	9	false	false	
4794	15360	9	false	false	
4835	20160	1	false	true	A8
4836	21600	2	false	false	
4837	21600	2	false	false	
4838	23040	9	false	false	
4839	23040	9	false	false	
4840	23040	9	false	false	
4841	23040	9	false	false	
4842	23040	9	false	false	
4843	23040	9	false	false	
4844	23040	9	false	false	
4845	504	1	false	true	PSL(2,8)
4846	2688	5	false	false	
4848	2880	6	false	false	
4860	10752	7	false	false	
4861	10752	7	false	false	
4879	23040	9	false	false	
4891	25920	1	false	true	O(5,3)
4892	3840	7	false	false	
5054	30720	10	false	false	
5130	46080	8	false	false	
5131	46080	8	false	false	
5132	46080	8	false	false	
5133	46080	8	false	false	
5134	46080	8	false	false	
5135	46080	8	false	false	
5136	46080	8	false	false	
5137	46080	8	false	false	
5403	3840	7	false	false	
5404	3840	7	false	false	
5405	3840	7	false	false	
5406	3840	7	false	false	
5407	3840	7	false	false	
5408	3840	7	false	false	
5409	3840	7	false	false	
5427	6048	1	false	true	PSU(3,3)
5478	2688	5	false	false	
5479	2688	5	false	false	
5510	11520	6	false	false	
5577	2688	5	false	false	
5578	2688	5	false	false	
5579	2688	5	false	false	
5683	7680	8	false	false	
5684	7680	8	false	false	
5685	7680	8	false	false	
5686	7680	8	false	false	
5687	7680	8	false	false	
5688	7680	8	false	false	
5689	7680	8	false	false	
5695	10752	7	false	false	
5696	10752	7	false	false	
5777	15360	9	false	false	
5778	15360	9	false	false	
5779	15360	9	false	false	
5780	15360	9	false	false	
5781	15360	9	false	false	
5782	15360	9	false	false	
5783	15360	9	false	false	
5784	15360	9	false	false	
5785	15360	9	false	false	
5786	15360	9	false	false	
5787	15360	9	false	false	
5788	15360	9	false	false	
5789	15360	9	false	false	
5790	15360	9	false	false	
5791	15360	9	false	false	
5792	15360	9	false	false	
5806	23040	9	false	false	
5807	23040	9	false	false	
5849	46080	8	false	false	
5850	46080	8	false	false	
5851	46080	8	false	false	
5852	46080	8	false	false	
5853	46080	8	false	false	
5854	46080	8	false	false	
5855	46080	8	false	false	
5856	46080	8	false	false	
5857	46080	8	false	false	
5858	46080	8	false	false	
5859	46080	8	false	false	
5860	46080	8	false	false	
5861	46080	8	false	false	
5862	46080	8	false	false	
5863	46080	8	false	false	
5864	46080	8	false	false	
5865	46080	8	false	false	
5866	46080	8	false	false	
5867	46080	8	false	false	
5868	46080	8	false	false	
5869	46080	8	false	false	
5870	46080	8	false	false	
5871	46080	8	false	false	
5872	46080	8	false	false	
5873	46080	8	false	false	
5874	46080	8	false	false	
5875	46080	8	false	false	
5876	46080	8	false	false	
5877	46080	8	false	false	
5878	46080	8	false	false	
5879	46080	8	false	false	
5880	46080	8	false	false	
5881	46080	8	false	false	
5882	46080	8	false	false	
5883	7680	8	false	false	
5884	15360	9	false	false	
5885	15360	9	false	false	
5886	61440	11	false	false	
5887	61440	11	false	false	
5888	61440	11	false	false	
5889	61440	11	false	false	
5890	61440	11	false	false	
5894	92160	11	false	false	
5895	122880	12	false	false	
5896	122880	12	false	false	
5897	122880	12	false	false	
5898	122880	12	false	false	
5899	122880	12	false	false	
5900	161280	7	false	false	
6810	60	1	false	true	A5
6811	60	1	false	true	A5
7052	120	2	false	false	
7053	120	2	false	false	
7054	120	2	false	false	
7055	120	2	false	false	
7056	120	2	false	false	
7057	120	2	false	false	
7058	120	2	false	false	
7248	180	2	false	false	
7377	120	2	false	false	
7378	120	2	false	false	
7379	120	2	false	false	
7435	180	2	false	false	
7785	240	3	false	false	
7786	240	3	false	false	
7787	240	3	false	false	
7788	240	3	false	false	
7789	240	3	false	false	
7790	240	3	false	false	
7791	240	3	false	false	
7792	240	3	false	false	
7806	120	2	false	false	
7807	120	2	false	false	
7863	240	3	false	false	
7864	240	3	false	false	
7865	240	3	false	false	
7866	240	3	false	false	
7867	240	3	false	false	
7889	300	2	false	false	
7890	300	2	false	false	
7919	360	1	false	true	A6
7920	360	3	false	false	
7921	360	3	false	false	
7922	360	3	false	false	
7923	360	3	false	false	
7924	360	3	false	false	
7925	360	3	false	false	
7926	360	3	false	false	
7927	360	3	false	false	
7928	360	3	false	false	
7929	360	3	false	false	
7930	360	3	false	false	
7931	360	3	false	false	
7963	540	3	false	false	
7964	540	3	false	false	
8037	240	3	false	false	
8038	240	3	false	false	
8039	240	3	false	false	
8040	240	3	false	false	
8054	360	3	false	false	
8055	360	3	false	false	
8170	480	4	false	false	
8171	480	4	false	false	
8172	480	4	false	false	
8173	480	4	false	false	
8409	600	3	false	false	
8410	600	3	false	false	
8411	720	2	false	false	
8412	720	2	false	false	
8413	720	2	false	false	
8414	720	2	false	false	
8415	720	2	false	false	
8640	1080	2	false	false	
8641	1080	2	false	false	
9004	120	2	false	false	
9005	120	2	false	false	
9055	168	1	false	true	PSL(3,2)
9261	240	3	false	false	
9262	240	3	false	false	
9263	240	3	false	false	
9264	240	3	false	false	
9413	360	3	false	false	
9414	360	3	false	false	
9415	360	3	false	false	
9416	360	3	false	false	
9452	60	1	false	true	A5
9634	240	3	false	false	
9635	240	3	false	false	
9636	240	3	false	false	
9637	240	3	false	false	
9638	240	3	false	false	
9639	240	3	false	false	
9712	480	4	false	false	
9713	480	4	false	false	
9714	480	4	false	false	
9715	480	4	false	false	
9716	480	4	false	false	
9717	480	4	false	false	
9718	480	4	false	false	
9719	480	4	false	false	
9720	480	4	false	false	
9721	480	4	false	false	
9722	480	4	false	false	
9723	480	4	false	false	
9724	480	4	false	false	
9725	480	4	false	false	
9726	480	4	false	false	
9727	480	4	false	false	
9728	480	4	false	false	
9729	480	4	false	false	
9730	480	4	false	false	
9731	480	4	false	false	
9732	480	4	false	false	
9733	480	4	false	false	
9734	480	4	false	false	
9735	480	4	false	false	
9736	480	4	false	false	
9737	480	4	false	false	
9738	480	4	false	false	
9739	480	4	false	false	
9740	480	4	false	false	
9741	480	4	false	false	
9742	480	4	false	false	
9743	480	4	false	false	
9744	480	4	false	false	
9745	480	4	false	false	
9746	480	4	false	false	
9747	480	4	false	false	
9748	480	4	false	false	
9749	480	4	false	false	
9750	480	4	false	false	
9751	480	4	false	false	
9752	480	4	false	false	
9753	480	4	false	false	
9754	480	4	false	false	
9755	480	4	false	false	
9756	480	4	false	false	
9757	480	4	false	false	
9758	480	4	false	false	
9759	480	4	false	false	
9760	480	4	false	false	
9761	480	4	false	false	
9762	480	4	false	false	
9763	480	4	false	false	
9764	480	4	false	false	
9765	480	4	false	false	
9781	600	3	false	false	
9782	600	3	false	false	
9783	600	3	false	false	
9784	720	4	false	false	
9826	360	3	false	false	
9827	360	3	false	false	
9828	360	3	false	false	
9829	360	3	false	false	
10087	720	2	false	false	
10088	720	2	false	false	
10089	720	2	false	false	
10090	720	2	false	false	
10091	720	2	false	false	
10092	720	2	false	false	
10104	960	5	false	false	
10151	1440	3	false	false	
10152	1440	3	false	false	
10153	1440	3	false	false	
10154	1440	3	false	false	
10155	1440	3	false	false	
10156	1440	3	false	false	
10157	1440	3	false	false	
10158	1440	3	false	false	
10159	1440	3	false	false	
10160	1440	3	false	false	
10166	240	3	false	false	
10195	360	3	false	false	
10196	360	3	false	false	
10197	360	3	false	false	
10588	960	5	false	false	
10589	960	5	false	false	
10590	960	5	false	false	
10591	960	5	false	false	
10592	960	5	false	false	
10593	960	5	false	false	
10594	960	5	false	false	
10595	960	5	false	false	
10596	960	5	false	false	
10597	960	5	false	false	
10598	960	5	false	false	
10599	960	5	false	false	
10600	960	5	false	false	
10601	960	5	false	false	
10603	960	5	false	false	
10659	1440	3	false	false	
10660	1440	3	false	false	
10661	1440	5	false	false	
10662	1440	5	false	false	
10663	1440	5	false	false	
10664	1440	5	false	false	
10697	1920	6	false	false	
10698	1920	6	false	false	
10699	1920	6	false	false	
10700	1920	6	false	false	
10701	1920	6	false	false	
10702	240	3	false	false	
10740	1440	5	false	false	
10741	1440	5	false	false	
10742	1440	5	false	false	
10743	1440	5	false	false	
10744	1440	5	false	false	
10745	1440	5	false	false	
10746	1440	5	false	false	
10747	1440	5	false	false	
10748	1440	5	false	false	
10749	1440	5	false	false	
10750	1440	5	false	false	
11161	1920	6	false	false	
11162	1920	6	false	false	
11163	1920	6	false	false	
11164	1920	6	false	false	
11165	1920	6	false	false	
11331	2160	5	false	false	
11332	2160	5	false	false	
11333	2160	5	false	false	
11334	2160	5	false	false	
11335	2160	5	false	false	
11336	2160	5	false	false	
11337	2160	5	false	false	
11338	2160	5	false	false	
11339	2160	5	false	false	
11340	2160	5	false	false	
11341	2160	5	false	false	
11342	2160	5	false	false	
11575	2880	4	false	false	
11576	2880	4	false	false	
11577	2880	4	false	false	
11578	2880	4	false	false	
11579	2880	4	false	false	
11580	2880	4	false	false	
11581	2880	4	false	false	
11582	2880	4	false	false	
11583	2880	4	false	false	
11584	2880	4	false	false	
11585	2880	4	false	false	
11586	2880	4	false	false	
11587	2880	4	false	false	
11588	2880	4	false	false	
11589	2880	4	false	false	
11590	2880	4	false	false	
11591	2880	4	false	false	
11592	2880	4	false	false	
11593	2880	4	false	false	
11594	2880	4	false	false	
11595	2880	4	false	false	
11596	2880	4	false	false	
11597	2880	4	false	false	
11598	2880	4	false	false	
11599	2880	4	false	false	
11600	2880	4	false	false	
11601	2880	4	false	false	
11602	2880	4	false	false	
11603	2880	4	false	false	
11604	2880	4	false	false	
11605	2880	4	false	false	
12537	720	2	false	false	
12621	4320	4	false	false	
12829	6480	4	false	false	
12830	6480	4	false	false	
13437	3600	3	false	false	
13438	3600	3	false	false	
13439	3600	3	false	false	
13440	3600	2	false	false	
13510	336	2	false	false	
13511	336	2	false	false	
13531	960	5	false	false	
13540	1440	5	false	false	
13541	1440	5	false	false	
13542	1440	5	false	false	
13574	1920	6	false	false	
13575	1920	6	false	false	
13576	1920	6	false	false	
13989	7680	8	false	false	
13990	7680	8	false	false	
13991	7680	8	false	false	
13992	7680	8	false	false	
13993	7680	8	false	false	
13994	7680	8	false	false	
13995	7680	8	false	false	
13996	7680	8	false	false	
13997	7680	8	false	false	
13998	7680	8	false	false	
13999	7680	8	false	false	
14000	7680	8	false	false	
14001	7680	8	false	false	
14002	7680	8	false	false	
14003	7680	8	false	false	
14004	7680	8	false	false	
14005	7680	8	false	false	
14006	7680	8	false	false	
14007	7680	8	false	false	
14008	7680	8	false	false	
14009	7680	8	false	false	
14010	7680	8	false	false	
14011	7680	8	false	false	
14012	7680	8	false	false	
14013	7680	8	false	false	
14014	7680	8	false	false	
14015	7680	8	false	false	
14016	7680	8	false	false	
14017	7680	8	false	false	
14018	7680	8	false	false	
14019	7680	8	false	false	
14020	7680	8	false	false	
14021	7680	8	false	false	
14022	7680	8	false	false	
14023	7680	8	false	false	
14024	7680	8	false	false	
14025	7680	8	false	false	
14185	11520	8	false	false	
15224	23040	7	false	false	
15225	23040	7	false	false	
15292	240	3	false	false	
15716	1920	6	false	false	
15717	1920	6	false	false	
15718	1920	6	false	false	
16905	960	5	false	false	
16984	3840	7	false	false	
16985	3840	7	false	false	
16986	3840	7	false	false	
16987	3840	7	false	false	
16988	3840	7	false	false	
16989	3840	7	false	false	
16990	3840	7	false	false	
16991	3840	7	false	false	
16992	3840	7	false	false	
16993	3840	7	false	false	
17244	7680	8	false	false	
17245	7680	8	false	false	
17246	7680	8	false	false	
17247	7680	8	false	false	
17248	7680	8	false	false	
17249	7680	8	false	false	
17250	7680	8	false	false	
17251	7680	8	false	false	
17252	7680	8	false	false	
17253	7680	8	false	false	
17254	7680	8	false	false	
17255	7680	8	false	false	
17256	7680	8	false	false	
17257	7680	8	false	false	
17258	7680	8	false	false	
17259	7680	8	false	false	
17260	7680	8	false	false	
17261	7680	8	false	false	
17262	7680	8	false	false	
17263	7680	8	false	false	
17264	7680	8	false	false	
17265	7680	8	false	false	
17266	7680	8	false	false	
17267	7680	8	false	false	
17268	7680	8	false	false	
17269	7680	8	false	false	
17270	7680	8	false	false	
17271	7680	8	false	false	
17272	7680	8	false	false	
17273	7680	8	false	false	
17274	7680	8	false	false	
17275	7680	8	false	false	
17276	7680	8	false	false	
17277	7680	8	false	false	
17278	7680	8	false	false	
17279	7680	8	false	false	
17337	23040	7	false	false	
17338	23040	7	false	false	
17339	23040	7	false	false	
17340	23040	7	false	false	
17341	23040	7	false	false	
17342	23040	7	false	false	
17343	23040	7	false	false	
17344	23040	7	false	false	
17345	23040	7	false	false	
17346	23040	7	false	false	
17444	3840	7	false	false	
17445	3840	7	false	false	
17446	3840	7	false	false	
17447	3840	7	false	false	
17448	7680	8	false	false	
17449	7680	8	false	false	
17450	7680	8	false	false	
17451	7680	8	false	false	
17452	7680	8	false	false	
17453	7680	8	false	false	
17454	23040	7	false	false	
17455	23040	7	false	false	
17456	30720	10	false	false	
18865	60	1	false	true	A5
19195	60	1	false	true	A5
19663	120	2	false	false	
19664	120	2	false	false	
19665	120	2	false	false	
19666	120	2	false	false	
19708	180	2	false	false	
19709	180	2	false	false	
19830	120	2	false	false	
20574	240	3	false	false	
20941	360	1	false	true	A6
22059	120	2	false	false	
22060	120	2	false	false	
22581	120	2	false	false	
22582	120	2	false	false	
22583	120	2	false	false	
22584	120	2	false	false	
22937	240	3	false	false	
22938	240	3	false	false	
22939	240	3	false	false	
22940	240	3	false	false	
22941	240	3	false	false	
22942	240	3	false	false	
22943	240	3	false	false	
22944	240	3	false	false	
22945	240	3	false	false	
22946	240	3	false	false	
22947	240	3	false	false	
22948	240	3	false	false	
22949	240	3	false	false	
22950	240	3	false	false	
22951	240	3	false	false	
22952	240	3	false	false	
22965	300	2	false	false	
23259	120	2	false	false	
23260	120	2	false	false	
23261	120	2	false	false	
23448	180	2	false	false	
24331	480	4	false	false	
24332	480	4	false	false	
24333	480	4	false	false	
24334	480	4	false	false	
24335	480	4	false	false	
24336	480	4	false	false	
24337	480	4	false	false	
24338	480	4	false	false	
24339	480	4	false	false	
24340	480	4	false	false	
24341	480	4	false	false	
24342	480	4	false	false	
24343	480	4	false	false	
24344	480	4	false	false	
24345	480	4	false	false	
24346	480	4	false	false	
24347	480	4	false	false	
24348	480	4	false	false	
24349	480	4	false	false	
24350	480	4	false	false	
24351	480	4	false	false	
24352	480	4	false	false	
24353	480	4	false	false	
24354	480	4	false	false	
24355	480	4	false	false	
24356	480	4	false	false	
24357	480	4	false	false	
24358	480	4	false	false	
24359	480	4	false	false	
24360	480	4	false	false	
24361	480	4	false	false	
24808	120	2	false	false	
25302	720	4	false	false	
27103	960	5	false	false	
28775	1080	4	false	false	
28776	1080	4	false	false	
28777	1080	4	false	false	
28778	1080	4	false	false	
28950	1440	3	false	false	
28951	1440	3	false	false	
28952	1440	3	false	false	
28953	1440	3	false	false	
28954	1440	3	false	false	
28955	1440	3	false	false	
28956	1440	3	false	false	
28957	1440	3	false	false	
28958	1440	3	false	false	
28959	1440	3	false	false	
28960	1440	3	false	false	
28961	1440	3	false	false	
28962	1440	3	false	false	
28963	1440	3	false	false	
28964	1440	3	false	false	
28965	1440	3	false	false	
28966	1440	3	false	false	
33584	480	4	false	false	
33585	480	4	false	false	
33586	480	4	false	false	
33587	480	4	false	false	
33588	480	4	false	false	
33589	480	4	false	false	
33590	480	4	false	false	
33645	720	4	false	false	
33843	1800	2	false	false	
34009	960	5	false	false	
35776	3840	7	false	false	
35777	3840	7	false	false	
35778	3840	7	false	false	
35779	3840	7	false	false	
35780	3840	7	false	false	
35781	3840	7	false	false	
35782	3840	7	false	false	
35783	3840	7	false	false	
35784	3840	7	false	false	
40298	120	2	false	false	
45505	480	4	false	false	
45506	480	4	false	false	
45507	480	4	false	false	
45508	480	4	false	false	
45509	480	4	false	false	
45510	480	4	false	false	
45738	1920	6	false	false	
45739	1920	6	false	false	
47073	3840	7	false	false	
47074	3840	7	false	false	
47075	3840	7	false	false	
47076	3840	7	false	false	
47077	3840	7	false	false	
47078	3840	7	false	false	
47079	3840	7	false	false	
47080	3840	7	false	false	
47081	3840	7	false	false	
47082	3840	7	false	false	
47083	3840	7	false	false	
47084	3840	7	false	false	
47085	3840	7	false	false	
47086	3840	7	false	false	
52578	60	1	false	true	A5
54450	240	3	false	false	
54451	240	3	false	false	
54452	240	3	false	false	
54453	240	3	false	false	
54454	240	3	false	false	
54455	240	3	false	false	
54456	240	3	false	false	
54457	240	3	false	false	
54458	240	3	false	false	
54459	240	3	false	false	
54460	240	3	false	false	
54461	240	3	false	false	
54462	240	3	false	false	
54463	240	3	false	false	
54464	240	3	false	false	
54465	240	3	false	false	
54466	240	3	false	false	
72254	720	2	false	false	
72255	720	2	false	false	
83063	240	3	false	false	
83064	240	3	false	false	
83065	240	3	false	false	
83066	240	3	false	false	
83067	240	3	false	false	
83068	240	3	false	false	
83069	240	3	false	false	
83070	240	3	false	false	
123828	240	3	false	false	
123829	240	3	false	false	
123830	240	3	false	false	
123831	240	3	false	false	
123832	240	3	false	false	
123833	240	3	false	false	
123834	240	3	false	false	
137568	120	2	false	false	
137569	120	2	false	false	
215847	120	2	false	false	
215848	120	2	false	false	
306674	120	2	false	false	
306675	120	2	false	false	
306676	120	2	false	false	
656967	336	2	false	false	
656969	174182400	1	false	true	O+(8,2)
656970	197406720	1	false	true	O-(8,2)
656971	168	1	false	true	PSL(3,2)
656975	155520	3	false	false	
656976	181440	1	false	true	A9
656977	1451520	1	false	true	O(7,2)
656979	2160	3	false	false	
656982	4320	4	false	false	
656983	5040	2	false	false	
656985	40320	2	false	false	
656986	51840	2	false	false	
656987	77760	2	false	false	
656989	360	3	false	false	
656990	720	4	false	false	
656991	1080	2	false	false	
656997	2160	3	false	false	
656998	2160	3	false	false	
656999	25920	1	false	true	O(5,3)
657000	180	2	false	false	
657001	360	3	false	false	
657002	360	3	false	false	
